{
  "toxic": 0.1,
  "obscene": 0.45000000000000007,
  "threat": 0.9000000000000002,
  "insult": 0.45000000000000007,
  "identity_hate": 0.9000000000000002
}